{"K3": [[37.761549850484236, -122.4156547486653], [37.787596708243, -122.4177196876631], [37.74518815117978, -122.47831657799604]], "K2": [[37.787402926392026, -122.41771518728318], [37.760590117280024, -122.41829075707909]], "K6": [[37.761726758895506, -122.41598913554678], [37.787644837746306, -122.41873268078564], [37.758516393336016, -122.48647474290841], [37.720497775068125, -122.46212539586402], [37.785116422684396, -122.4052264027611], [37.72773672304826, -122.4040437900258]], "K5": [[37.785116422684396, -122.4052264027611], [37.76146321544314, -122.41583585560568], [37.787644837746306, -122.41873268078564], [37.71961698807766, -122.45730222215226], [37.75842178851072, -122.48642314613244]], "K4": [[37.761481476056744, -122.41579359713911], [37.78744116406921, -122.41753139458405], [37.71961698807766, -122.45730222215226], [37.75842178851072, -122.48642314613244]]}